Name,TimeAppeared,Attended,TimeAttended,ShotTriggered,TimeShotTriggered,Shot,TimeShot,TimeAppearedToAttend,TimeAppearedToTrigger,TimeAppearedUntilShot,TimeAttendedUntilShot,TimeAttendedUntilTriggered
Enemy 0,3.625607,True,4.414276,True,4.093237,True,4.42,0.7886686,0.4676304,0.7943931,-0.00572443,0.3210382
Enemy 1,5.941252,True,6.935275,True,6.622254,True,6.94,0.9940233,0.6810026,0.9987483,-0.004724979,0.3130207
Enemy 2,8.546853,True,9.19748,True,8.97101,True,9.2,0.6506271,0.4241571,0.6531467,-0.002519608,0.22647
Enemy 3,10.52598,True,11.17759,True,10.8106,True,11.18,0.6516171,0.2846279,0.6540241,-0.002407074,0.3669891
Enemy 4,12.50003,True,13.57925,True,13.15464,True,13.58,1.079214,0.6546087,1.079967,-0.000752449,0.4246054
,14.92393,False,0,False,0,False,0,0,0,0,0,0
