Name,TimeAppeared,Attended,TimeAttended,ShotTriggered,TimeShotTriggered,Shot,TimeShot,TimeAppearedToAttend,TimeAppearedToTrigger,TimeAppearedUntilShot,TimeAttendedUntilShot,TimeAttendedUntilTriggered
Enemy 0,3.527237,True,4.78729,False,0,False,0,1.260053,-3.527237,-3.527237,4.78729,4.78729
Enemy 1,5.561944,True,6.17204,True,5.893609,True,6.18,0.6100955,0.3316641,0.6180553,-0.007959843,0.2784314
Enemy 2,7.821392,True,8.773771,True,8.426462,True,8.78,0.9523797,0.6050706,0.9586082,-0.006228447,0.3473091
Enemy 3,10.24686,True,11.37842,True,11.07768,True,11.38,1.131564,0.8308182,1.133142,-0.001577377,0.300746
Enemy 4,13.04894,True,13.79848,True,13.61489,True,13.8,0.7495461,0.5659561,0.7510624,-0.001516342,0.1835899
Enemy 5,15.34553,True,16.29984,True,15.85134,True,16.3,0.9543161,0.5058088,0.9544725,-0.0001564026,0.4485073
Enemy 6,17.70402,True,18.5714,True,18.32614,True,18.58,0.8673859,0.6221199,0.8759842,-0.008598328,0.245266
Enemy 7,20.17397,True,21.10377,True,20.76598,True,21.12,0.9298,0.5920048,0.9460278,-0.01622772,0.3377953
